State,Name,Status,Group Email,Website,Facebook,Twitter,Instagram,Blog,Event Calendar,Email list
AK,Anchorage,Chapter,anchoragedsa@gmail.com,https://www.anchoragedsa.org/,https://www.facebook.com/anchoragedsa/,https://twitter.com/AnchorageDsa,https://www.instagram.com/anchoragedsa,,https://www.anchoragedsa.org/calendar.html,https://visitor.r20.constantcontact.com/manage/optin?v=001wR1phChlevHkhYmhrl87XqzmsWTFiLENGt4n8Gyt7Wt5hlByiS5aidZV1Q1mw7XC7ZpRpsDOhTPOqAznbAn8-kv3yQNyqFuxfUx5AKAmI-72XKhAarueVB9EEU2OY7UdDHxbTtVlX8dvHzHp2myg7yq4_YXkpQsi-6qyUA5YsFSAp3BG94H1FA%3D%3D
AL,Birmingham,Chapter,bhamdsa@gmail.com,,facebook.com/bhamdsa,twitter.com/bhamdsa,instagram.com/bhamdsa,,,bhamdsa@gmail.com
AL,North Alabama,Organizing Committee,dsanorthalabama@gmail.com,,https://www.facebook.com/NorthAlabamaDSA/,https://twitter.com/dsanorthalabama,,,https://calendar.google.com/calendar/u/0?cid=ZHNhbm9ydGhhbGFiYW1hQGdtYWlsLmNvbQ,
AL,River Region,Organizing Committee,rraldsa@gmail.com,,https://www.facebook.com/riverregiondsa,https://twitter.com/DsaRiver,,,,
AR,Central Arkansas,Chapter,central.arkansas.dsa@gmail.com,https://centralarkansasdsa.org/,https://www.facebook.com/groups/45309022523/,https://twitter.com/CentralArkDSA,,,,
AR,Fort Smith,Chapter,fortsmithdsa@gmail.com,,https://www.facebook.com/fortsmithdsa,,,,,
AR,Northeast Arkansas,Organizing Committee,nearkdsa@gmail.com,,https://www.facebook.com/neadsa,https://twitter.com/nearkdsa,,,,
AR,Northwest Arkansas,Chapter,nwademsoc@gmail.com,,facebook.com/dsaofnwa/,https://twitter.com/DSA_of_NWA,,,,
AZ,Flagstaff,Chapter,flagstaffdsa@gmail.com,www.flagstaffdsa.com,https://www.facebook.com/FlagstaffDSA,twitter.com/DSAFlagstaff,,,,
AZ,Phoenix,Chapter,phxazdsa@gmail.com,https://www.dsaphoenix.org/,https://www.facebook.com/PHXDSA/,https://twitter.com/DSA_Phoenix,,,,
AZ,Tucson,Chapter,tucsondsa@gmail.com,,https://www.facebook.com/Democratic-Socialists-of-America-Tucson-225193221297736/,https://twitter.com/DSA_Tucson,,,,https://tinyletter.com/tucsondsa
CA,Central Coast California,Chapter,info@centralcoastdsa.com,www.centralcoastdsa.com,facebook.com/centralcoastdsa,https://twitter.com/centralcoastdsa,https://www.instagram.com/centralcoastdsa/,,https://centralcoastdsa.com/events/,https://centralcoastdsa.com/join-dsa/
CA,Central Sierra Foothills,Chapter,foothillsdsa@gmail.com,,https://www.facebook.com/csfdsa/,https://twitter.com/FoothillsDSA,https://www.instagram.com/centralsierrafoothillsdsa/,,https://calendar.google.com/calendar/u/2/r?cid=c2xuZ2VjdDdhZW83cnA1bTN0NDkwNjYzcDRAZ3JvdXAuY2FsZW5kYXIuZ29vZ2xlLmNvbQ,
CA,Coachella Valley,Chapter,dsacoachellavalley@gmail.com,https://www.dsacv.org,https://www.facebook.com/coachellavalleydsa,https://twitter.com/DSACoachella,https://www.instagram.com/dsacoachellavalley/,,https://www.dsacv.org/calendar,https://actionnetwork.org/forms/sign-up-for-email-updates-from-coachella-valley-dsa
CA,East Bay,Chapter,info@eastbaydsa.org,http://eastbaydsa.org/,https://www.facebook.com/eastbaydsa,https://twitter.com/DSAEastBay,,,,
CA,Fresno,Chapter,fresnodsa@gmail.com,,https://www.facebook.com/FresnoDSA,https://twitter.com/dsa_fresno,https://www.instagram.com/dsa_fresno/,,,
CA,Inland Empire,Chapter,inlanddsa@gmail.com,https://iedsa.org/,https://www.facebook.com/InlandEmpireDSA,https://twitter.com/inlandempiredsa,https://www.instagram.com/inlandempiredsa/,,https://iedsa.org/index.php?q=civicrm/showevents&id=1,contact@iedsa.org
CA,Kern County,Chapter,dsa.kern.county@gmail.com,,https://www.facebook.com/DSAkerncounty/,https://twitter.com/DSA_KC,https://www.instagram.com/dsakerncounty/,,,
CA,Long Beach,Chapter,info@dsalb.org,https://dsalb.org/,https://www.facebook.com/DSALongBeach/,https://twitter.com/DSALongBeach,https://www.instagram.com/dsalongbeach/,,https://dsalb.org/calendar/,
CA,Los Angeles,Chapter,steeringcommittee@dsa-la.org,http://www.dsa-la.org/,https://www.facebook.com/DSALosAngeles/,https://twitter.com/DSA_LosAngeles,https://www.instagram.com/dsa_la/,https://dsa-la.org/blog/,https://dsa-la.org/calendar/month/,https://dsa-la.org
CA,Marin,Chapter,marindemsoc@gmail.com,https://marin.dsausa.org/,https://www.facebook.com/MarinDSA/,https://twitter.com/dsa_marin,https://www.instagram.com/dsa_marin/,,,https://marinrentcontrol.com/
CA,Merced & Mariposa,Chapter,DSAMerced@gmail.com,,https://www.facebook.com/DSAMerced,https://twitter.com/DSAMerced,https://www.instagram.com/dsamerced/,,,https://airtable.com/shrNZNdYFoy1IV9Vd
CA,Orange County,Chapter,contact@ocdsa.org,http://www.ocdsa.org/,https://www.facebook.com/dsaorangecounty/,https://twitter.com/DSAOrangeCounty,https://www.instagram.com/ocdsa/,,https://www.ocdsa.org/events/,
CA,Peninsula California,Chapter,info@peninsuladsa.org,peninsuladsa.org,https://www.facebook.com/peninsulaDSA/,https://twitter.com/DSA_Peninsula,https://www.instagram.com/peninsuladsa/,,https://peninsuladsa.org/calendar/,http://eepurl.com/cNwNHH
CA,Sacramento,Chapter,DSAsacramento@gmail.com,http://www.sacdsa.org/,https://www.facebook.com/DSA.Sacramento,http://www.twitter.com/DSASac,https://www.instagram.com/dsasac/?hl=en,https://www.sacdsa.org/blog/,,
CA,San Diego,Chapter,sandiegodsa@gmail.com,http://dsasandiego.org/,https://www.facebook.com/groups/sandiegodsa/,https://twitter.com/dsa_sandiego,,,,
CA,San Francisco,Chapter,dsa.san.francisco@gmail.com,https://dsasf.org/,https://www.facebook.com/dsasanfrancisco,https://twitter.com/dsa_sf,https://www.instagram.com/dsa_sf/,,,
CA,San Luis Obispo,Chapter,slocialism@gmail.com,http://www.dsaslo.org/,https://www.facebook.com/slocialism/,https://twitter.com/dsa_slo,https://www.instagram.com/dsa_slo,,,
CA,Santa Barbara,Chapter,dsasantabarbara@gmail.com,https://dsasb.org/,https://www.facebook.com/sbdsa,https://twitter.com/sb_dsa,https://www.instagram.com/dsasantabarbara,,,
CA,Santa Cruz,Chapter,info@DSAsantacruz.org,http://www.dsasantacruz.org/,https://www.facebook.com/DSASantaCruz/,https://twitter.com/DSASantaCruz,https://www.instagram.com/dsasantacruz/,https://dsasantacruz.org/articles/,,
CA,Shasta County,Organizing Committee,shastacountydsa@gmail.com,,https://www.facebook.com/ShastaDSA,https://twitter.com/ShastaDSA,,,,
CA,Silicon Valley,Chapter,info@siliconvalleydsa.org,https://siliconvalleydsa.org/,https://www.facebook.com/svdsa,https://twitter.com/SV_DSA,https://www.instagram.com/silicon_valley_dsa/,,,siliconvalleydsa.org/join
CA,Stanislaus,Chapter,dsastanislaus@gmail.com,http://www.dsastanislaus.org/,https://www.facebook.com/DSA-Stanislaus-104044524345034/,https://twitter.com/DsaStanislaus,https://www.instagram.com/dsastanislaus/,,dsastanislaus.org/events.html,dsastanislaus.org
CA,Tulare County,Organizing Committee,tcdsaofficial@gmail.com,,,https://twitter.com/TCDSAofficial,https://www.instagram.com/tcdsaofficial/,,,
CA,Ventura County,Chapter,dsaventuracounty@gmail.com,https://www.dsaventuracounty.org/,fb.me/dsaventuracounty,@VCDemSocialists,@DSAVenturaCounty,,https://www.dsaventuracounty.org/calendar,
CA,Yolo County,Chapter,yolodemsocialists@gmail.com,https://www.yolodsa.org/,facebook.com/dsayolo,twitter.com/yolodsa,instagram.com/yolodsa/,,yolodsa.org/events,yolodsa.org/join
CO,Boulder,Chapter,boulderdsa@gmail.com,http://www.boulderdsa.org/,https://www.facebook.com/boulderdsa/,https://twitter.com/BoulderDSA,,,,
CO,Colorado Springs,Chapter,cospringsdsa@gmail.com,https://www.cosdsa.org/,facebook.com/springsdsa,twitter.com/springs_dsa,instagram.com/cospringsdsa,,https://teamup.com/ks6naexqz825tbp3um,
CO,Denver,Chapter,info@denverdsa.org,https://denverdsa.org/,https://www.facebook.com/denverdemsocialists,https://twitter.com/DSAdenver,https://www.instagram.com/dsadenver/,,https://denverdsa.org/events,https://actionnetwork.org/forms/join-our-email-list-25
CO,Fort Collins,Chapter,dsafortcollins@gmail.com,https://dsafc.org/,https://www.facebook.com/DSAFortCollins,https://twitter.com/DSAFortCollins,,,https://dsafc.org/calendar/,Email: dsafortcollins@gmail.com
CO,La Plata County,Organizing Committee,laplataDSA@gmail.com,,https://www.facebook.com/laplatadsa/,https://twitter.com/dsalaplataco,,,,
CT,Central Connecticut,Chapter,general@cctdsa.org,http://cctdsa.org/,https://www.facebook.com/CentralCTDSA,https://twitter.com/centralctdsa,https://www.instagram.com/CentralCTDSA/,,https://cctdsa.org/calendar,
CT,Quiet Corner,Chapter,thequietcornerdsa@gmail.com,,https://www.facebook.com/thequietcornerDSA,https://twitter.com/quietcorner_dsa,https://www.instagram.com/quietcorner_dsa/,,,
CT,Western Connecticut,Chapter,info@westernctdsa.org,https://westernctdsa.org,https://www.facebook.com/WesternCTDSA/,https://twitter.com/DSA_WesternCT,https://www.instagram.com/westernctdsa/,,https://westernctdsa.org/events,https://actionnetwork.org/forms/western-ct-dsa-contact-form
"DC, VA, MD",Metro DC,Chapter,info@mdcdsa.org,https://mdcdsa.org/,https://www.facebook.com/MetroDCDSA/,https://twitter.com/mdc_dsa,https://www.instagram.com/mdc_dsa/,http://washingtonsocialist.mdcdsa.org,https://mdcdsa.org/metro-dc-dsa-calendar-of-events/,
DE,Delaware,Chapter,delaware.socialists@gmail.com,,https://www.facebook.com/DelawareDSA/,https://twitter.com/delawaredsa,,,,
FL,Broward County,Chapter,browarddsa@gmail.com,https://browardcountydsa.org/,,www.twitter.com/browarddsa,instagram.com/browarddsa,,https://calendar.google.com/calendar/u/0?cid=YnJvd2FyZGRzYUBnbWFpbC5jb20,
FL,Jacksonville,Chapter,jacksonvilledsa@gmail.com,https://www.jaxdsa.org/,https://www.facebook.com/DSAJax,https://twitter.com/dsa_jax,,,https://www.jaxdsa.org/calendar.html,https://actionnetwork.org/forms/jaxdsasurvey
FL,Miami,Chapter,miamidsa@gmail.com,http://miamidsa.org/,https://www.facebook.com/MiamiDSA/,https://twitter.com/MiamiDSA,https://www.instagram.com/miamidsa/,,https://miamidsa.org/calendar,eepurl.com/cWvZvb
FL,Orlando,Chapter,dsaoforlando@gmail.com,https://www.orlandodsa.org/,https://www.facebook.com/OrlandoDSA,https://twitter.com/Orlando_DSA,https://www.instagram.com/orlando_dsa,https://medium.com/orlando-city-red-gazette,,
FL,Palm Beach County,Chapter,info@palmbeachdsa.org,https://palmbeachdsa.org/,https://www.facebook.com/palmbeachdsa/,https://twitter.com/palmbeachdsa,https://www.instagram.com/palmbeachdsa/,,,
FL,Pasco-Hernando,Chapter,PascoHernandoDSA@gmail.com,https://pascohernando.dsachapters.org,https://www.facebook.com/PascoHernandoDSA,https://twitter.com/pasco_hernando,,,https://calendar.google.com/calendar/embed?src=pascohernandodsa%40gmail.com&ctz=America%2FNew_York,https://dsausa.us/PascoHernandoDSA
FL,Pensacola,Organizing Committee,info@PensacolaDSA.org,https://www.PensacolaDSA.org/,https://www.facebook.com/PensacolaDSA,https://twitter.com/Pensacola_DSA,https://www.instagram.com/pensacoladsa/,https://www.pensacoladsa.org/news,https://www.pensacoladsa.org/calendar,http://eepurl.com/gPSvw9
FL,Pinellas County,Chapter,dsa.pinellas@gmail.com,www.pinellasdsa.org,facebook.com/pinellasdsa,twitter.com/pinellasdsa,https://www.instagram.com/pinellasdsa/,https://dsa-pinellas.medium.com/,https://calendar.google.com/calendar/u/1?cid=Z3FvbDh1amxldGxlOHF2cGhsMmE3ZHZnanNAZ3JvdXAuY2FsZW5kYXIuZ29vZ2xlLmNvbQ,
FL,Polk County,Chapter,polkcounty.dsa@gmail.com,https://linktr.ee/PolkDSA,https://www.facebook.com/Democratic-Socialists-of-America-Polk-County-Florida-Chapter-104241527973340,https://twitter.com/PolkDSA,https://www.instagram.com/polk.dsa/,,https://calendar.google.com/calendar/u/0/embed?src=polkcounty.dsa@gmail.com&ctz=America/New_York,http://eepurl.com/g8VSNX
FL,Southwest Florida,Organizing Committee,swfl.dsa@gmail.com,https://www.swfldsa.org/,facebook.com/SWFLDSA,https://twitter.com/swflDSA,https://www.instagram.com/swfldsa/,,https://linktr.ee/southwestfloridadsa,https://actionnetwork.org/forms/sign-up-for-the-swfl-dsa-email-newsletter
FL,Space Coast,Chapter,spacecoastdsa@gmail.com,http://socialists.space/,https://www.facebook.com/socialists.space/,https://twitter.com/spacecoastdsa,,,,https://goo.gl/forms/qWScLfDZO4Sp0ydh2
FL,Tallahassee,Chapter,TLHDSA@gmail.com,,https://www.facebook.com/tallahasseedsa/,https://twitter.com/tallahasseedsa,,,,
FL,Tampa,Chapter,dsa.tampa@gmail.com,https://www.tampadsa.org,https://www.facebook.com/tampadsa/,https://www.twitter.com/tampadsa,https://www.instagram.com/tampadsa/,,,
GA,Athens Area,Chapter,athensareadsa@gmail.com,https://athensareadsa.org,https://www.facebook.com/AthensAreaDSA/,https://twitter.com/athensareadsa,https://www.instagram.com/athensareadsa/?hl=en,,https://athensareadsa.org/events/,
GA,Atlanta,Chapter,steering@atldsa.org,https://atldsa.org,https://facebook.com/atldemsoc,https://twitter.com/atldemsoc,https://instagram.com/atldemsoc,https://redclaycomrade.org/,https://atldsa.org/subscribe,
GA,Augusta CSRA,Chapter,dsaaugustacsra@gmail.com,,https://www.facebook.com/Augusta.Democratic.Socialists,https://twitter.com/dsa_augustacsra,https://www.instagram.com/dsa_augustaga,https://medium.com/@AustinDSA,,https://forms.gle/3GtDAJKCBitsfgZZ6
GA,Savannah,Chapter,savgadsa@gmail.com,www.savgadsa.org,www.facebook.com/SavannahDSA,www.twitter.com/SavannahDSA,www.instagram.com/dsasavannah,www.savgadsa.org/statements,www.savgadsa.org/events,
HI,Honolulu,Chapter,aloha@dsahonolulu.com,https://www.dsahonolulu.org/,https://www.facebook.com/dsahonolulu,https://twitter.com/dsahonolulu,,,https://www.dsahonolulu.org/events/,
IA,Cedar Rapids,Chapter,DSAcedarrapids@gmail.com,http://www.cedarrapidsdsa.org/,https://www.facebook.com/cedarrapidsdsa,@cedarrapidsdsa,,,,
IA,Central Iowa,Chapter,centraliowademsocialists@gmail.com,,https://www.facebook.com/CentralIowaDSA/,https://twitter.com/DSM_DSA,,,,
IA,Dubuque,Chapter,Dubuque.DSA@gmail.com,,https://www.facebook.com/DBQsocialists,,,,https://calendar.google.com/calendar?cid=ZHVidXF1ZS5kc2FAZ21haWwuY29t&fbclid=IwAR1Znq8T7ftpI1W3MizXquI0j4whMqxNAbXpJpJZvQ_GYJGMzSCOoMqhKrQ,http://eepurl.com/gfxknL
IA,Heart of Iowa,Chapter,HeartofIowaDSA@gmail.com,,,,,,,
IA,Iowa City,Chapter,exec@iowacitydsa.org,https://www.iowacitydsa.org/,https://www.facebook.com/IowaCityDSA/,https://twitter.com/dsaiowacity,,,,
"IA
IL",Quad Cities,Chapter,quadcitiesdsa@gmail.com,https://quadcitiesdsa.org,https://www.facebook.com/quadcitiesdsa,https://twitter.com/quadcitiesdsa,,https://quadcitiesdsa.org/blog/,https://quadcitiesdsa.org/calendar/events/,https://actionnetwork.org/forms/qcdsa-onboarding-form
ID,Boise,Chapter,mail@boisedsa.org,https://www.boisedsa.org/,https://www.facebook.com/BoiseDSA/,https://twitter.com/boisedsa,,,,
IL,Central Illinois,Organizing Committee,CentralILDSA@gmail.com,,https://www.facebook.com/CentralILDSA/,https://twitter.com/MaconLoganDSA,,,,
IL,Champaign-Urbana,Chapter,secretary@cudsa.red,https://cudsa.red/,https://www.facebook.com/chambanadsa/,https://twitter.com/chambanadsa,,,,
IL,Chicago,Chapter,info@chicagodsa.org,http://www.chicagodsa.org/,https://www.facebook.com/Chicago-Democratic-Socialists-of-America-107555372640256/,https://twitter.com/chicagocitydsa,https://www.instagram.com/chicagodsa/,http://www.midwestsocialist.com/,https://chicagodsa.org/events/,https://actionnetwork.org/forms/interested-in-chicago-dsa?kiosk=true
IL,Lakefront,Chapter,lakefront.DSA@gmail.com,,https://www.facebook.com/lakefrontDSA/,https://twitter.com/LakefrontDSA,,,,
IL,Northern Illinois,Chapter,northernillinoisDSA@gmail.com,https://www.northernillinoisdsa.org/,https://www.facebook.com/Northern-Illinois-Democratic-Socialists-of-America-442122069460346/,https://twitter.com/dsanorthernil,,,,
IL,Peoria,Chapter,info@peoriadsa.org,https://peoriadsa.org,facebook.com/peoriadsa,twitter.com/peoriadsa,,,https://peoriadsa.org/calendar,https://peoriadsa.org/email-list
IL,Southern Illinois,Chapter,southern.il.DSA@gmail.com,,https://www.facebook.com/groups/255195151638839/,http://twitter.com/southern_il_dsa,,,,
IL,West Suburban Illinois,Chapter,info@westsuburbsildsa.org,https://www.westsuburbsildsa.org/,https://www.facebook.com/WSILDSA,https://twitter.com/WSILDSA,https://www.instagram.com/wsildsa/,,,
IL,Western Illinois,Chapter,westernildsa@gmail.com,,https://www.facebook.com/WesternILDSA/,@WesternILDSA,,,,
IN,Bloomington Indiana,Chapter,bloomingtondsa@gmail.com,,https://www.facebook.com/bloomingtondsa/,https://twitter.com/BloomingtonDSA,,,,
IN,Central Indiana,Chapter,contact@centralindsa.org,https://www.centralindsa.org/,http://facebook.com/centralindsa,https://twitter.com/centralindsa,https://www.instagram.com/centralindsa/,,https://www.centralindsa.org/events/,https://actionnetwork.org/forms/sign-up-for-our-mailing-list-11
IN,Fort Wayne,Chapter,dsafortwayne@gmail.com,,www.facebook.com/groups/fortwaynedsa,https://twitter.com/fortwaynedsa,https://instagram.com/fortwaynedsa/,,,
IN,Greater Lafayette,Chapter,greater.lafayette.dsa@gmail.com,https://gldsa.org/,https://www.facebook.com/GreaterLafayetteDSA,https://twitter.com/LafayetteIN_DSA,https://www.instagram.com/greaterlafayettedsa/,,,
IN,Northern Indiana,Chapter,nindemsocialists@gmail.com,,https://www.facebook.com/northernindianadsa/,https://twitter.com/N_Indiana_DSA,,,,
IN,Northwest Indiana,Chapter,northwest.indiana.dsa@gmail.com,https://www.nwidsa.org/,https://www.facebook.com/NWIDSA,https://twitter.com/nwidsa,,,https://www.facebook.com/NWIDSA/events/,
IN,Southern Indiana,Organizing Committee,southernindianadsa@gmail.com,,facebook.com/SouthernIndianaDSA,https://twitter.com/soind_dsa,,,,
KS,Lawrence,Chapter,dsalawrenceks@gmail.com,https://www.lfkdsa.org/,https://www.facebook.com/lawrenceksdsa,https://twitter.com/dsa_lawrenceks,https://www.instagram.com/lfk_dsa/,,https://calendar.google.com/calendar/u/4?cid=ZHNhbGF3cmVuY2Vrc0BnbWFpbC5jb20,
KS,Salina,Organizing Committee,dsa.salina.ks@gmail.com,,facebook.com/DSASalina,,,,,
KS,Topeka,Organizing Committee,,,https://www.facebook.com/TopCityDSA,,,,https://tpdsa.org/Events,https://tpdsa.org/Signup-For-Updates
KS,Wichita,Chapter,socialists@ictdsa.org,https://ictdsa.org/,https://www.facebook.com/WichitaDSA/,https://twitter.com/wichita_dsa,https://www.instagram.com/wichitadsa/,,https://ictdsa.org/events,
KY,Lexington,Chapter,lexingtonDSA@gmail.com,,https://www.facebook.com/LexingtonDSA/,https://twitter.com/lexingtondsa,,,,
"KY
IN",Louisville,Chapter,dsalouisville@gmail.com,http://dsalouisville.org/,https://www.facebook.com/dsalouisville,https://twitter.com/dsa_louisville,,,,
LA,Baton Rouge,Chapter,batonrougedsa@gmail.com,,facebook.com/batonrougedsa,https://twitter.com/BatonRougeDSA,,,,
LA,New Orleans,Chapter,hello@dsaneworleans.org,http://dsaneworleans.org/,https://www.facebook.com/NewOrleansDSA/,https://twitter.com/neworleansdsa,https://www.instagram.com/neworleansdsa/,,http://dsaneworleans.org/events/,
LA,North Louisiana,Organizing Committee,NorthLADSA@protonmail.com,,,,,,,
LA,Southwest Louisiana,Chapter,dsaswla@protonmail.com,http://dsaswla.com/,https://www.facebook.com/DSASWLA/,https://twitter.com/DSASWLA,https://www.instagram.com/dsaswla,,,
MA,Berkshires,Chapter,berkshiresdsa@gmail.com,https://berkshiresdsa.org/,https://www.facebook.com/BerkshiresDSA/,https://twitter.com/BerkshiresDSA,https://www.instagram.com/berkshiresdsa/,,,
MA,Boston,Chapter,info@bostonDSA.org,http://www.bostondsa.org/,https://www.facebook.com/pages/Boston-Democratic-Socialists-of-America/282734585192522?fref=ts,https://twitter.com/boston_dsa,,,,
MA,Cape Cod,Chapter,capecodsocialists@gmail.com,http://www.capecoddsa.org/,https://www.facebook.com/CapeCodDSA/,https://twitter.com/capecoddsa,https://www.instagram.com/capecoddsa/,,,
MA,River Valley,Chapter,contact@rvdsa.org,https://rvdsa.org/,https://www.facebook.com/rivervalleyDSA/,https://twitter.com/RiverValleyDSA,,,https://rvdsa.org/events/,
MA,Southeastern Massachusetts,Organizing Committee,SouthEasternMassachusettsDSA@gmail.com,,,,,,,
MA,Worcester,Chapter,worcdsa@gmail.com,https://www.worcesterdsa.org/,https://www.facebook.com/WorcDSA/,https://twitter.com/worcdsa,https://www.instagram.com/worcdsa/,https://working-mass.com/,https://www.worcesterdsa.org/events,
MD,Frederick,Chapter,dsafrederick@gmail.com,,https://www.facebook.com/Frederick-Democratic-Socialists-of-America-111498801623940,,https://www.instagram.com/dsa.frederick/?igshid=YmMyMTA2M2Y%3D,,,
MD,Greater Baltimore,Chapter,baltimoreDSA@gmail.com,https://baltimoredsa.org/,https://www.facebook.com/BaltimoreDSA,https://twitter.com/bmoreDSA,https://www.instagram.com/baltimoredsa/,,,
MD,Southern Maryland,Organizing Committee,southernmarylanddsa@gmail.com,,,https://twitter.com/DsaSomd,https://www.instagram.com/dsasomd/,,,
ME,Maine,Chapter,info@smdsa.org,https://www.smdsa.org/,https://www.facebook.com/medemsoc,https://twitter.com/DSA_Maine,https://www.instagram.com/dsamaine/,,,
MI,Grand Rapids,Chapter,grandrapidsdsa@gmail.com,https://www.grandrapidsdsa.com/,https://www.facebook.com/DSAGrandRapidsMI/,https://twitter.com/GrandRapidsDSA,https://www.instagram.com/grandrapidsdsa/,https://www.grandrapidsdsa.com/blog/ ,https://www.grandrapidsdsa.com/events/ ,https://www.grandrapidsdsa.com/email-list
MI,Greater Flint,Chapter,flintdsa@gmail.com,,https://www.facebook.com/GreaterFlintDSA/,https://twitter.com/FlintDSA,,,,
MI,Greater Lansing,Chapter,lansingDSA@gmail.com,https://www.greaterlansingdsa.org/,https://www.facebook.com/LansingDSA/,https://twitter.com/lansingdsa,,,,
MI,Huron Valley,Chapter,huronvalleydsa@gmail.com,http://hvdsa.org/,https://www.facebook.com/HuronValleyDSA/,https://twitter.com/HuronValleyDSA,https://www.instagram.com/huronvalleydsa/,https://www.hvdsa.org/pubs,https://hvdsa.org/calendar/,https://www.hvdsa.org/get_involved
MI,Metro Detroit,Chapter,communications@metrodetroitdsa.com,http://www.metrodetroitdsa.com/,https://www.facebook.com/detroitdsa,https://twitter.com/detroitdsa,http://instagram.com/detroitdsa,https://medium.com/dsa-detroit-newspaper,,https://www.metrodetroitdsa.com/subscribe
MI,Northern Michigan,Organizing Committee,northernmidsa@gmail.com,,https://www.facebook.com/DSAofNorthernMichigan/,https://twitter.com/NoMiDSA,instagram.com/northernmichigandsa,,,
MI,Southwest Michigan,Chapter,dsasouthwestmi@gmail.com,,https://www.facebook.com/SWMIDSA,https://twitter.com/SWMIDSA,,,,
MN,Brainerd Lakes Area,Chapter,bla.mn.dsa@gmail.com,bla-dsa.org,https://www.facebook.com/BrainerdLakesAreaDSA,,,,https://calendar.google.com/calendar/u/0?cid=aGpyYzQxZXRwa2djNGFzazc3MnAzbHNwYWdAZ3JvdXAuY2FsZW5kYXIuZ29vZ2xlLmNvbQ,
MN,Cannon Valley,Chapter,cannonvalleydsa@gmail.com,,https://www.facebook.com/Cannon-Valley-Democratic-Socialists-of-America-234998091097162,https://twitter.com/cannonvalleydsa,,,,
MN,St. Cloud,Chapter,st.clouddsa@gmail.com,,https://www.facebook.com/groups/2569581889730197/,,,,,
MN,Twin Cities,Chapter,chairs@twincitiesdsa.org,https://twincitiesdsa.org/,https://www.facebook.com/TwinCitiesDSA/,https://twitter.com/twincitiesdsa,https://www.instagram.com/twin.cities.dsa/,https://twincitiesdsa.org/topics/blog/,https://twincitiesdsa.org/events,https://twincitiesdsa.org/join/
MN,Twin Ports,Chapter,dsa.duluth@gmail.com,https://twinportsdsa.org/,facebook.com/twinportsDSA,https://twitter.com/TwinPortsDSA,https://www.instagram.com/dsa.duluth/,,,http://eepurl.com/dC--vv
MO,Mid-Missouri,Chapter,midmodsa@gmail.com,,https://www.facebook.com/dsamidmo,https://twitter.com/midmodsa,,,,
MO,Ozarks,Chapter,springfielddsa@gmail.com,,https://www.facebook.com/DSAOzarks,https://twitter.com/dsaozarks,,,,
MO,St. Louis,Chapter,info@stldsa.org,https://stldsa.org/,https://www.facebook.com/STLDSA/,https://twitter.com/stlouisdsa,https://www.instagram.com/saintlouisdsa/,,,
MO KS,Kansas City,Chapter,contact@kcdsa.org,www.kcdsa.org,www.facebook.com/kansascitydsa,www.twitter.com/kansascitydsa,,,,
MS,Jackson,Chapter,dsajacksonms@gmail.com,,https://www.facebook.com/JXNDSA,https://twitter.com/JXNDSA,https://twitter.com/JXNDSA,,,
MT,Billings,Chapter,contact@dsabillings.org,www.dsabillings.org,https://www.facebook.com/billingsdsa/,https://twitter.com/billings_dsa,,,,
MT,Bozeman,Chapter,bozemandsa@gmail.com,https://bozemandsa.org/,facebook.com/bozemandsa,twitter.com/BozemanDSA,instagram.com/bozemandsa,,,https://mailchi.mp/56d206650f70/bozemandsa
MT,Helena,Chapter,helenamtdsa@gmail.com,,https://www.facebook.com/helena.mt.dsa,https://twitter.com/Montana_DSA,,,,
MT,Western Montana,Chapter,Info@westernmtdsa.org,https://westernmtdsa.org,https://www.facebook.com/westernmtdsa/,https://twitter.com/westernmt_dsa,,,,
NC,Asheville,Chapter,general@avldsa.org,https://avldsa.org/,https://www.facebook.com/AVLDSA/,https://twitter.com/AshevilleDSA,https://www.instagram.com/asheville_dsa/,https://avldsa.medium.com/,,https://actionnetwork.org/forms/join-the-asheville-dsa-email-list
NC,Triangle,Chapter,ncpdsa@gmail.com,https://www.dsanc.org/,https://www.facebook.com/NCTriangleDSA/,https://twitter.com/NC_DSA,,,https://calendar.google.com/calendar/u/3?cid=NmZoOGUzZHA5NDIzOTdjZm8xb2g1Nzk2NmdAZ3JvdXAuY2FsZW5kYXIuZ29vZ2xlLmNvbQ,https://www.dsanc.org/get-involved
NC,Wilmington,Chapter,wilmingtondsa@gmail.com,https://www.wilmingtondsa.org,https://www.facebook.com/wilmingtondsa,https://twitter.com/wilmingtondsa,,,https://www.wilmingtondsa.org/events,https://www.wilmingtondsa.org/subscribe-to-our-newsletter/
NC,Winston-Salem,Chapter,winstonsalemdsa@gmail.com,,www.facebook.com/WinstonSalemDSA,https://twitter.com/WinstonSalemDSA,https://www.instagram.com/winstonsalemdsa/,,,
"NC
SC",Charlotte Metro,Chapter,info@charlottedsa.org,http://www.charlottedsa.org/,https://www.facebook.com/cltdsa,https://twitter.com/cltdsa/,,,,
"ND
MN",Red River Valley,Chapter,gc@rrvDSA.org,https://www.rrvdsa.org/,https://www.facebook.com/rrvdsa/,https://twitter.com/rrvdsa,,,,
NE,Lincoln,Chapter,DSAlincoln@gmail.com,http://www.dsanebraska.org/,https://www.facebook.com/DSALincolnNE,https://twitter.com/DSALincolnNE,,,,
NH,Southern New Hampshire,Chapter,southernnhdsa@gmail.com,,https://www.facebook.com/snhdsa/,https://twitter.com/snhdsa,,,,
"NH
VT",Upper Valley,Chapter,contact@uppervalleydsa.org,https://uppervalleydsa.org/,https://facebook.com/upper-valley-dsa,https://twitter.com/UV_DSA,https://www.instagram.com/uvdsa/,https://uppervalleydsa.org/blog,https://calendar.google.com/calendar/embed?src=tolq86d2975kejih1625s7jqe0%40group.calendar.google.com&ctz=America%2FNew_York,upper-valley-dsa-bulletins@googlegroups.com
NJ,Central New Jersey,Chapter,centralnj@dsanj.org,https://central.dsanj.org/,https://www.facebook.com/CentralNJDSA/,https://twitter.com/CentralNJDSA/,,,,
NJ,North New Jersey,Chapter,northnj@dsanj.org,https://north.dsanj.org/,https://www.facebook.com/NorthNJDSA/,https://twitter.com/NorthNJDSA,https://www.instagram.com/north_nj_dsa/,https://medium.com/https://twitter.com/northnjdsa,https://north.dsanj.org/calendar/,
NJ,South New Jersey,Chapter,dsasouthjersey@gmail.com,https://southjerseydsa.wordpress.com/,https://www.facebook.com/dsasouthjersey,http://twitter.com/dsasouthjersey,http://www.instagram.com/dsasouthjersey,https://southjerseydsa.wordpress.com/blog/,https://calendar.google.com/calendar/u/2?cid=aDVwZTI3ZDl1aWVmb3BrcjNnNHExM3IxbTRAZ3JvdXAuY2FsZW5kYXIuZ29vZ2xlLmNvbQ,
NM,Santa Fe,Chapter,santafedsa@gmail.com,https://www.dsasantafe.org/,https://www.facebook.com/santafedsa,https://twitter.com/DSASantaFe,,,,
NV,Las Vegas,Chapter,lasvegasdsa@gmail.com,https://lvdsa.org,https://www.facebook.com/LasVegasDSA/,https://twitter.com/LasVegasDSA,https://instagram.com/vegasdsa/,https://lvdsa.org/blog,https://lvdsa.org/events,
NV,Northern Nevada,Chapter,info@nndsa.org,https://www.nndsa.org/,https://www.facebook.com/NorthernNevadaDSA/,twitter.com/NNV_DSA,https://www.instagram.com/nn.dsa/,,https://nndsa.org/calendar,
NY,Binghamton,Chapter,DSAbinghamton@gmail.com,http://bit.ly/BingDSA-Intake,https://www.facebook.com/pg/DSABinghamtonNY/,https://twitter.com/DsaBinghamton,,,,http://bit.ly/BingDSA-Intake
NY,Buffalo,Chapter,info@buffalodsa.org,http://buffalo-dsa.org/,https://www.facebook.com/groups/1593466900908334/,https://twitter.com/BuffaloDSA,https://www.instagram.com/buffalodsa/,,linktr.ee/buffalodsa,https://facebook.us16.list-manage.com/subscribe?u=313aa1067404b1fdcbdb6db7c&id=f4dc170578
NY,Capital District,Chapter,info@capitaldistrictdsa.org,https://capitaldistrictdsa.org/,https://www.facebook.com/capitaldistrictdsa,https://twitter.com/CapDistrictDSA,,,https://capitaldistrictdsa.org/events/,https://capitaldistrictdsa.us20.list-manage.com/subscribe/post?u=a9c2e9a9f512e7041727ee9e3&id=bacf898023
NY,High Peaks,Chapter,highpeaksdsa@gmail.com,https://www.highpeaksdsa.org/,facebook.com/highpeaksdsa,,instagram.com/highpeaksdsa,,https://www.highpeaksdsa.org/events/,https://www.highpeaksdsa.org/contact/
NY,Ithaca,Chapter,ithacanydsa@gmail.com,https://ithacadsa.org/,https://www.facebook.com/IthacaDSA/,twitter.com/ithacadsa,https://www.instagram.com/ithacadsa,ithacadsa.blogspot.com,,
NY,Lower Hudson Valley,Chapter,hudsonvalleydsa@gmail.com,http://lhvdsa.org ,http://facebook.com/lowerhudsondsa,https://twitter.com/lhvdsa ,https://www.instagram.com/lhvdsa/ ,,,https://actionnetwork.org/forms/lower-hudson-valley-email-sign-up/ 
NY,Mid-Hudson Valley,Chapter,organize@mhvdsa.org,https://mhvdsa.org/,facebook.com/mhvdsa,twitter.com/mhvdsa,instagram.com/mhvdsa/,,https://mhvdsa.org/events/,https://actionnetwork.org/forms/email-subscribtion-preferences
NY,Nassau County,Chapter,nassaucountydsa@gmail.com,http://nassaudsa.com/,https://www.facebook.com/nassaucountydsa/,https://twitter.com/NassauDSA,https://www.instagram.com/nassaudsa,,,
NY,New York City,Chapter,info@socialists.nyc,http://www.socialists.nyc/,https://www.facebook.com/nycdsa/,https://twitter.com/nycDSA,https://www.instagram.com/nycdsa/?hl=en,,https://calendar.socialists.nyc/,https://www.socialists.nyc/info
NY,Rochester,Chapter,RochesterDSA@gmail.com,http://www.dsa-rochester.org/,https://www.facebook.com/rochesterdsa/,https://twitter.com/rocDSA,https://www.instagram.com/roc.dsa,,https://calendar.google.com/calendar/u/0?cid=bmM4ZnE2MmphZzN0bTBlODgyc3BjdjBramtAZ3JvdXAuY2FsZW5kYXIuZ29vZ2xlLmNvbQ,
NY,Suffolk County,Chapter,SuffolkCountyDSA@gmail.com,www.suffolkdsa.org,https://www.facebook.com/SuffolkDSA/,https://twitter.com/suffolkdsa,https://www.instagram.com/suffolkdsa/,,www.suffolkdsa.org/#events,http://bit.ly/SCDSAEventSignIn
NY,Syracuse,Chapter,syracuseDSA@protonmail.com,,https://www.facebook.com/DSASyracuse/,https://twitter.com/syrdsa,www.instagram.com/syracusedsa,,,https://actionnetwork.org/forms/sign-up-for-syracuse-dsa-updates
NY,Troy,Chapter,info@troydsa.org,https://linktr.ee/troydsa,https://www.facebook.com/troydsa,https://twitter.com/troydsa,https://www.instagram.com/troydsa,,,https://bit.ly/troy-dsa-email
OH,Akron,Chapter,dsaakron@gmail.com,https://www.akrondsa.org/,https://www.facebook.com/akrondsa/,https://twitter.com/akrondsa,https://instagram.com/akrondsa,,,
OH,Cleveland,Chapter,info@dsacleveland.org,https://dsacleveland.org/,https://www.facebook.com/dsacle,https://twitter.com/DSA_Cleveland,https://instagram.com/dsacleveland,,,https://dsacleveland.org/contact-us
OH,Columbus,Chapter,columbusdsa@gmail.com,https://www.columbusdsa.org,https://www.facebook.com/ColumbusDSA,https://twitter.com/Columbus_DSA,https://www.instagram.com/columbus_dsa/,http://www.columbusdsa.org/blog/,http://www.columbusdsa.org/calendar/,
OH,Dayton-Miami Valley,Chapter,dsad8n@gmail.com,,https://www.facebook.com/dsadayton,https://twitter.com/dsa_dayton,https://www.instagram.com/dsadayton,,,
OH,Mahoning Valley,Chapter,mahoningvalleydsa@gmail.com,http://www.mahoningvalleydsa.org/,https://www.facebook.com/MahoningValleyDSAhttps://www.facebook.com/MahoningValleyDSA,@MahoningDSA,,,,
OH,Northwest Ohio,Chapter,nwohiodsa@gmail.com,http://nwohiodsa.org/,https://www.facebook.com/NWOhioDSA,https://twitter.com/nwohiodsa,https://www.instagram.com/nwohiodsa/,,https://nwohiodsa.org/calendar/,
"OH
KY",Metro Cincinnati & Northern Kentucky,Chapter,dsacincy@gmail.com,https://dsacincy.org/,,https://twitter.com/DSACincy,https://www.instagram.com/dsacincy/,,,
OK,Oklahoma City,Chapter,okc.dsa.usa@gmail.com,https://okcdsa.org/,https://www.facebook.com/OKCDemocraticSocialists,https://twitter.com/okcdsausa,https://www.instagram.com/okcdsa/,,,
OR,Eugene-Springfield,Chapter,dsaeugene@gmail.com,https://dsaeugene.org/,https://www.facebook.com/eugenedsa/,https://twitter.com/DSA_Eugene,https://www.instagram.com/dsaeugene/?hl=en,,https://dsaeugene.org/calendar/,
OR,North Coast Oregon,Organizing Committee,northcoastoregondsa@gmail.com,,https://www.facebook.com/northcoastoregondsa/,,https://www.instagram.com/north_coast_oregon_dsa,,https://www.facebook.com/northcoastoregondsa/events,http://actionnetwork.org/forms/north-coast-oregon-dsa-interest-form
OR,Portland,Chapter,info@portlanddsa.org,http://portlanddsa.org/,https://www.facebook.com/PortlandDSA/,https://twitter.com/PortlandDSA,https://www.instagram.com/portlanddsa,https://medium.com/https://twitter.com/dsaportlandoregon/,https://portlanddsa.org/calendar/,https://portlanddsa.org/join/
OR,Salem,Chapter,info@SalemDSA.org,http://salemdsa.org/,https://www.facebook.com/salemoregondsa,https://twitter.com/salem_dsa,,,,
OR,Southern Oregon,Chapter,sodsa@southernoregon-dsa.org,https://www.southernoregon-dsa.org/,https://www.facebook.com/SouthernOregonDSA.SODSA,https://twitter.com/DSA_S_Oregon,,https://www.southernoregon-dsa.org/blog/,https://calendar.google.com/calendar/embed?src=53pub580far2spnru5qu69odro%40group.calendar.google.com&ctz=America%2FLos_Angeles,https://docs.google.com/forms/d/e/1FAIpQLSdfOWjvnAQazuxeLthneCNgs0hdPdN9zFM9gXQHqvRjbYpWHg/viewform?usp=sf_link
PA,Berks,Chapter,BerksDSA@gmail.com,,https://www.facebook.com/berksdsa,,,,,
PA,Centre County,Chapter,centrecodsa@gmail.com,https://centrecountydsa.com/,https://www.facebook.com/centrecodsa,https://twitter.com/centrecodsa,,,,
PA,Erie,Chapter,dsaerie814@gmail.com,,https://www.facebook.com/eriedsa/,https://twitter.com/eriedsa,,,,
PA,Harrisburg,Chapter,DSAhbg@gmail.com,,https://www.facebook.com/HBGDSA/,https://twitter.com/harrisburg_dsa,,,,
PA,Lehigh Valley,Chapter,dsalehigh@gmail.com,lehighvalleydsa.org,https://www.facebook.com/DSAofLV/,https://twitter.com/DSALehighValley,,,,
PA,Northeast Pennsylvania,Chapter,dsaluzernecounty@gmail.com,,https://www.facebook.com/WBDSA1871,https://twitter.com/dsa_wb?lang=en,,,,
PA,Philadelphia,Chapter,phillydsa@gmail.com,https://www.phillydsa.org/,https://www.facebook.com/PhillyDSA,https://twitter.com/PhillyDSA,https://www.instagram.com/phillydsa/,,https://www.phillydsa.org/events,https://www.phillydsa.org/get_involved
PA,Pittsburgh,Chapter,info@pghdsa.org,http://www.pghdsa.org/,https://www.facebook.com/pghDSA/,https://twitter.com/pghdsa,,,,
PA,Steel Valley,Organizing Committee,steelvalleydsa@yahoo.com,,https://www.facebook.com/steelvalleydsa,,,,,
"PA
NY",Pennsylvania Wilds,Organizing Committee,pawildsdsa@gmail.com,,https://www.facebook.com/PAWildsDSA/,,,,,
"RI
MA",Providence,Chapter,info@provdsa.org,https://providencedsa.org/,https://www.facebook.com/provDSA/,https://twitter.com/ProvDSA,,,https://teamup.com/ks7d5f015c22ab8807,https://airtable.com/shr3tVYfFfDK4nvqt
SC,Charleston,Chapter,info@charlestonDSA.org,https://charlestondsa.org/,https://www.facebook.com/chsdsa,https://twitter.com/chsdsa,https://www.instagram.com/charlestondsa/,,,
SC,Columbia,Chapter,DSAofcolumbia@gmail.com,,,https://twitter.com/columbiadsa,,,https://teamup.com/ksmkrsoy6pe8urk813 ,
SD,West River,Chapter,westriverdsa@gmail.com,,https://www.facebook.com/WestRiverDemocraticSocialists,https://twitter.com/westriverds_,https://www.instagram.com/westriverds_/,,,
TN,Chattanooga,Chapter,chattanoogadsa@gmail.com,https://chattanoogadsa.org/,https://www.facebook.com/ChattanoogaDemocraticSocialistsofAmerica/,https://twitter.com/dsa_chatt,https://www.instagram.com/chattanooga_dsa/,,https://chattanoogadsa.org/events/,
TN,Knoxville,Chapter,knoxdsa@gmail.com,,https://www.facebook.com/KnoxDSA/,https://twitter.com/KnoxvilleDSA,,,,
TN,Memphis Midsouth,Chapter,memphisdsa@gmail.com,https://memphisdsa.org/,https://www.facebook.com/MemphisDSA/,https://twitter.com/memphisdsa,,,,
TN,Middle Tennessee,Chapter,midtndsa@gmail.com,https://midtndsa.org/,https://www.facebook.com/MiddleTNDSA/,https://twitter.com/MiddleTNDSA,,,https://midtndsa.org/events/,https://midtndsa.org/contact/
TN,Northeast Tennessee,Chapter,northeasttndsa@gmail.com,https://northeasttndsa.org,www.facebook.com/NortheastTnDSA/,https://twitter.com/northeasttndsa,https://www.instagram.com/northeasttndsa/,,https://northeasttndsa.org/calendar-2/,https://northeasttndsa.org/forms/mailing-list/
TX,Amarillo,Chapter,amarillodsa@gmail.com,,https://www.facebook.com/AmarilloDSA,https://twitter.com/amarillodsa,https://www.instagram.com/amarillodsa,,,
TX,Austin,Chapter,contact@austindsa.org,http://www.austindsa.org/,https://www.facebook.com/atxdsa,https://twitter.com/austin_DSA,https://www.instagram.com/atxdsa/,https://redfault.com/,https://austindsa.org/calendar/,https://actionnetwork.org/forms/austin-dsa-newsletter-signup
TX,Corpus Christi,Chapter,corpuschristidsa@gmail.com,http://www.corpuschristidsa.org/,https://www.facebook.com/CORPUSDSA,twitter.com/corpus_dsa,https://www.instagram.com/corpus_dsa/,,,
TX,Denton,Organizing Committee,dentondsa@gmail.com,,https://www.facebook.com/DSADenton,https://twitter.com/DentonCountyDSA/,https://www.instagram.com/dsadenton/,,,https://docs.google.com/spreadsheets/d/1Bgl9e3xjdFCBIDS2Njytr39hclWaBjcbsOW0whZ3eb4/edit?usp=sharing
TX,East Texas,Organizing Committee,easttexasdsa@gmail.com,,https://www.facebook.com/ETXDemocraticSocialists,https://twitter.com/EastTexasDSA,https://www.instagram.com/etxdsa/,https://medium.com/east-texas-democratic-socialists,,
TX,El Chuco,Chapter,dsaeptx@gmail.com,,https://www.facebook.com/Dsaelpaso/,,https://www.instagram.com/dsaelchuco/?hl=en,,,
TX,Fort Worth,Chapter,dsafortworth@gmail.com,,https://www.facebook.com/DSAFortWorth/,twitter.com/DSAFortWorth,instagram.com/dsafortworth/,,,
TX,Houston,Chapter,info@houstondsa.org,http://www.houstondsa.org/,https://www.facebook.com/HoustonDSA,https://twitter.com/HoustonDSA,https://www.instagram.com/dsahouston/?hl=en,,houstondsa.org/calendar,
TX,Lubbock,Chapter,lubbockdsa@gmail.com,,https://www.facebook.com/DSA-Lubbock-107477013982472/,@lubbockdsa,@lubbockdsa,,https://calendar.google.com/calendar/u/1/r?cid=bHViYm9ja2RzYUBnbWFpbC5jb20&pli=1,https://lists.riseup.net/www/info/lubbock_dsa
TX,North Texas,Chapter,dsantx@gmail.com,https://www.dsanorthtexas.org/,https://www.facebook.com/DSANorthTexas,https://twitter.com/DSA_NorthTexas,https://www.instagram.com/dsanorthtexas/,,https://url1005.email.actionnetwork.org/ss/c/Mqag7sW8TIW-nixyBdulQp8G9Z_A2MbPE0z9tQOPUb4cbQEEvFGnX1u9gwsUG4b0VUzXapm6N34ECrzvOO6azOTLUKvZTYHWuxHeW7l_6qneG9yw07RI4qpxNDu59q2Lsucfs2S7KTbzC_KsRdDvb-oIXeroXKSDEBWf0zV4oLK0Lu0fKx1rUkaHjnVK5T9PU4P9uyPPfCbO0Y7S2ev3wkWFdosepKxIlyYwM1OchV3CwpJB4BTfHnIGyshpSpRgFDmBlWmizoEjtt9N_DAHzZYvXlhlWz5E8YOxWu3Ur5SOHk5U3rLBlJcWDE3wdhmUgtXsSQFh6JWFrh5KGKMdhQ/3nq/6LwXmKo4Rk2CypLVs-mj2A/h3/3r3_N5ARHkEGa0R9J5_FkinRLNCy6gf_qT4CLUvVWn4,
TX,Rio Grande Valley,Chapter,dsariograndevalley@gmail.com,https://dsargv.org/,https://www.facebook.com/Democratic-Socialists-of-America-Rio-Grande-Valley-Chapter-112267827929901,https://twitter.com/dsa_rgv,https://www.instagram.com/dsa_rgv/,,https://dsargv.org/calendar/,https://actionnetwork.org/forms/dsa-rgv-newsletter-sign-up/
TX,San Antonio,Chapter,info@sanantoniodsa.org,www.sanantoniodsa.org,https://www.facebook.com/sanantoniodsa/,https://twitter.com/sanantoniodsa,https://www.instagram.com/sanantoniodsa/,,https://www.sanantoniodsa.org/events,https://actionnetwork.org/forms/satx-dsa-email?source=direct_link&
TX,San Marcos,Chapter,sanmarcosdsa@gmail.com,https://www.dsasanmarcos.org/,https://www.facebook.com/sanmarcosdsa,https://twitter.com/sanmarcosdsa,sanmarcosdsa,,https://calendar.google.com/calendar/u/0/embed?ctz=America/Chicago&src=sanmarcosdsa@gmail.com,
TX,Wichita Falls,Organizing Committee,dsawichitafalls@gmail.com,https://www.dsawf.org,https://www.facebook.com/DSAWichitaFalls,https://twitter.com/DSAWichitaFalls,https://www.instagram.com/dsa_wichita_falls,https://www.dsawf.org/blog,https://www.dsawf.org/calendar,https://docs.google.com/forms/d/e/1FAIpQLSeT0nzFaEutUK-3FOrcUe5y0Hv7dT_EW4MwffqxQ9Rt8JtqIQ/viewform
UT,Salt Lake,Chapter,saltlakedsa@gmail.com,https://saltlakedsa.org/,https://www.facebook.com/slcdsa,https://twitter.com/slcDSA,https://www.instagram.com/slcdsa/,,https://saltlakedsa.org/events/,https://saltlakedsa.org/join/
VA,Charlottesville,Chapter,cvilledsa@gmail.com,https://charlottesvilledsa.com/,https://www.facebook.com/CvilleDSA/,https://twitter.com/cvilledsa,,,https://charlottesvilledsa.com/events,
VA,New River Valley,Chapter,newrivervalleydsa@gmail.com,https://www.nrvdsa.org/,https://www.facebook.com/NRVDSA,https://twitter.com/NRVDSA?t=k4u4CO0oV5fKFcsOjKPfmQ&s=09,,,,
VA,Richmond,Chapter,dsarichmond@gmail.com,,https://www.facebook.com/DSARichmond/,https://twitter.com/dsarichmond,https://www.instagram.com/dsarichmond,,https://www.dsarichmond.org/events/,
VA,Tidewater,Chapter,tidewaterdsa@gmail.com,http://tidewaterdsa.com/,https://www.facebook.com/tidewaterDSA/,https://twitter.com/tidewaterdsa,https://instagram.com/tidewaterdsa,http://tidewaterdsa.com/category/statements/,http://tidewaterdsa.com/events/,
VT,Central Vermont,Chapter,cvt.dsa.oc@gmail.com,https://www.cvtdsa.org,https://www.facebook.com/cvtdsa,https://www.twitter.com/cvtdsa,https://www.instagram.com/cvt.dsa,https://www.cvtdsa.org/blog,https://www.cvtdsa.org/events,https://actionnetwork.org/forms/sign-up-for-central-vermont-democratic-socialists-of-america-updates
VT,Champlain Valley,Chapter,hello@champlainvalleydsa.org,https://champlainvalleydsa.org/,facebook.com/champvalleydsa,twitter.com/champvalleydsa,https://www.instagram.com/champvalleydsa/,https://champlainvalleydsa.org/blog,champlainvalleydsa.org/events,https://champlainvalleydsa.org/contact
WA,North Olympic,Chapter,NorOlyDSA@gmail.com,,https://www.facebook.com/NorOlyDSA,http://twitter.com/norolydsa,https://www.instagram.com/norolydsa/,,,
WA,North Sound,Chapter,NorthSoundDSA@RiseUp.net,https://northsounddsa.org/,,,,,,
WA,Olympia,Chapter,info@olydsa.org,http://olydsa.org/,https://www.facebook.com/OlympiaDSA/,https://twitter.com/dsaolympia,,,https://calendar.google.com/calendar/r?cid=dsaolympiahttps://twitter.com/gmail.com,
WA,Seattle,Chapter,info@seattleDSA.org,https://seattledsa.org/,https://www.facebook.com/SeattleDSA/,https://twitter.com/SeattleDSA,https://instagram.com/seattledsa?igshid=YmMyMTA2M2Y=,,seattledsa.org/events,
WA,Snohomish County,Chapter,info@snocodsa.org,https://www.snocodsa.org/,https://www.facebook.com/dsaeverett,https://twitter.com/dsasnoco,https://www.instagram.com/snocodsa/,,https://www.snocodsa.org/events/,
WA,Spokane,Chapter,spokanedsa@gmail.com,,https://www.facebook.com/SpokaneDSA/,@spokanedsa,https://www.instagram.com/spokanedsa/,,,spokanedsa@googlegroups.com
WA,Tacoma & Pierce County,Chapter,info@tacomadsa.org,https://tacomadsa.org/,https://www.facebook.com/TacomaDSA/,https://twitter.com/TacomaDSA,https://www.instagram.com/tacomadsa/,,,
WA,West Sound,Chapter,westsounddsa@gmail.com,,https://www.facebook.com/WestSoundDSA/,https://www.twitter.com/WestSoundDSA/,,,,
WA,Whatcom County,Chapter,whatcomdsa@gmail.com,https://whatcomdsa.org/,https://www.facebook.com/whatcomdsa/,https://twitter.com/whatcomdsa,https://www.instagram.com/whatcomdsa/,,https://sites.google.com/view/whatcomdsa/calendar,
WA,Yakima,Organizing Committee,,,,,,,,
WI,Appleton,Chapter,appletonareadsa@gmail.com,,https://www.facebook.com/profile.php?id=100068807486501,https://twitter.com/appletondsa,,,,
WI,Coulee Region,Chapter,couleedsa@gmail.com,http://coulee.dsawi.org/,https://www.facebook.com/couleedsa/,https://twitter.com/couleedsa,https://twitter.com/couleedsa,,,
WI,Green Bay,Chapter,dsagreenbay@gmail.com,,,,,,,
WI,Madison Area,Chapter,dsamadison@gmail.com,https://madison-dsa.org/,https://www.facebook.com/dsamadison,https://twitter.com/DSAMadison,,tinyletter.com/DSAMadison,https://calendar.google.com/calendar/embed?src=dsamadison%40gmail.com&ctz=America%2FChicago,https://actionnetwork.org/forms/ef863cc96d10512d5db189f3c86adb93c56526d4?source=direct_link&
WI,Milwaukee,Chapter,milwaukeedsa@gmail.com,https://milwaukee.dsawi.org/,https://www.facebook.com/DSAMKE/,https://twitter.com/mkedsa,https://www.instagram.com/mkedsa/,,http://milwaukee.dsawi.org/calendar/,https://actionnetwork.org/forms/ef863cc96d10512d5db189f3c86adb93c56526d4?source=direct_link&
WI,Oshkosh,Organizing Committee,oshkoshdsa@gmail.com,,https://www.facebook.com/OshkoshDSA,https://twitter.com/DsaOshkosh,https://www.instagram.com/dsa_oshkosh/,,,
WI,Rock River,Organizing Committee,rockriverdsa@gmail.com,,,,,,,
WI,Sheboygan,Organizing Committee,sheboygandsa@gmail.com,,,,,,,
WV,Kanawha Valley,Chapter,KanawhaValleyDSA@gmail.com,,https://www.facebook.com/KVDSA/,https://twitter.com/KVDSA,,,,
WV,North Central West Virginia,Chapter,ncwvdsa@gmail.com,,https://www.facebook.com/ncwvdsa,https://twitter.com/ncwvdsa,,,,
WY,Southeast Wyoming,Chapter,sewydsa@protonmail.com,,https://www.facebook.com/sewyodsa/,https://twitter.com/SE_WY_DSA,,,,